{
  "emotional_stability": 0.30097087378640774,
  "stress_reduction": 0.2524271844660194,
  "self_efficacy": 0.0970873786407767,
  "cognitive_clarity": 0.14563106796116504,
  "behavioral_consistency": 0.10194174757281554,
  "compassion": 0.10194174757281554
}